title,label,label_score
"Anak Penjaga Kebersihan Masjid Lantamal 1 Belawan Lulus TNI, Hafal Quran dan Punya Suara Merdu",clickbait,1
Wakil Menkeu : Kenaikan Iuran BPJS Tidak Akan Berpengaruh pada Penduduk Miskin,non-clickbait,0
"Miliki Reputasi Kualitas Dunia, Powerbank G-Power Diluncurkan di Indonesia",non-clickbait,0
"Pendukung Jokowi Ngaku Diculik di Masjid, Ini Bantahan Pihak DKM",clickbait,1
"Sebentar Lagi, Minyak Curah Dilarang, Warga Harus Beli Minyak Kemasan",clickbait,1
"Ya Tuhan... Hubungan Sedarah di Sumut Meningkat 40%, Paling Banyak Kasusnya di...",clickbait,1
Ruangan Eldin dan Kadis PU Disegel KPK Sejak Dinihari,non-clickbait,0
Gubernur Sumbar : Kita Harus Bantu Pulangkan Seluruh Orang Minang Dari Papua,non-clickbait,0
"Anggota KPK Hampir Tewas saat Kejar Anak Buah Eldin, Ini Kronologinya...",clickbait,1
"Nggak Pernah Datang ke Sidang PBB, JK : Semoga Nanti Pak Jokowi Berani Datang",clickbait,1
Inilah 3 Lokasi di Kota Medan dengan Harga Rumah yang Fantastis!,clickbait,1
"Akhirnya... Besok Jokowi Turun, Temui Perwakilan Mahasiswa",clickbait,1
"Dipukuli Debt Colector, Lapor Polisi, Sudah Setahun Lebih Masih Nggak Jelas",clickbait,1
"Kejar-kejaran, Saling Tembak, Bandar Sabu Tewas di Depan Mapolres",clickbait,1
"14 Tahun Mengenang Tragedi Mandala Air, Serpihan Bunga Api di Atas Padang Bulan",clickbait,1
"Terjaring Razia, Mobil Dinas Anggota Dewan Pakai 3 Lapis Pelat Palsu, Tapi Dilepas...",clickbait,1
"Viral! Video Tolak Pelantikan Jokowi, ""Sering ke Papua. Tapi Hatinya Tidak Tulus untuk Orang Papua""",clickbait,1
"Kecelakaan Maut, Mayat Bergelimpangan, Warga Malah Asyik Ambil Foto dan Video!",clickbait,1
"Hajab Kali! Parkir di Kantor Gubsu, Rp1,6 M Hilang, Padahal Buat Bayar Honor",clickbait,1
Sudah 6 Kali Pak Habibie Diterpa Hoax Meninggal Dunia,clickbait,1
"Miris!! Janda Ini Terlantar di Medan Deli Bersama Anak-anaknya, Berjualan Baju",clickbait,1
"Jika RUU Ini Disahkan, Gelandangan Bakal Didenda Rp1 Juta",clickbait,1
Breaking News! Anggota OKP dan Prajurit TNI Bentrok di Marendal,clickbait,1
"Miris... Bukannya Ditolong, Dagangan Kakek Penjual Roti Malah Dijarah Kawanan Bajing Loncat",clickbait,1
"Sial Kali Ah! Rampasan Terlepas, Muka Jeleknya Terekam dan Viral Pulak, Tinggal Diciduk Ajalah!",clickbait,1
Polres Binjai Apresiasi Kedisiplinan Guru dan Siswa di SD Negeri 020263 Binjai,non-clickbait,0
"Halalkan Hubungan Intim di Luar Nikah, Buya Yahya : Sudah Murtad!",clickbait,1
"Sebrangi Selat, Kawanan Babi Hutan Indonesia Invasi Malaysia",non-clickbait,0
"Tarif Ojol Naik Mulai Hari Ini, Silahkan Dicek Skema Barunya!",clickbait,1
"Langkat Heboh!! Balita Disiksa, Digantung Hingga Tewas oleh Ayah Tiri",clickbait,1
"Jatuh dari Motor, Anak Kampung Baru dan Sei Mati Hampir Mati Dimassa Warga",clickbait,1
Tips Mengatur Keuangan Bagi PNS,clickbait,1
Mau Cepat Mati? Sering-sering Merokok Setelah Makan! Begini Hasil Penelitiannya...,clickbait,1
"Setahun Eramas, PDIP : Gubsu Pemimpin Toruble Maker, Bukan Problem Solver",non-clickbait,0
"Bantahan Pihak BPJS Kesehatan : Iuran Tidak Naik, Hanya Disesuaikan",non-clickbait,0
"Mau Ambil Motor yang Ditilang, Zainal Tewas Dikeroyok Polisi",clickbait,1
"Kerja Tak Kenal Waktu, Dokter dan Wartawan Paling Berisiko Bunuh Diri",non-clickbait,0
Istri yang Bunuh Suami dan Anak Tiri Dapat Inspirasi dari Sinetron,clickbait,1
"Dapat Restu Prabowo, DAS Maju di Pilkada Kota Medan 2020",non-clickbait,0
"Pemkab Karo Dukung Wisata Halal di Tongging, ""Ini Demi Kemajuan Pariwisata!""",clickbait,1
"Marinir Turun, Demo Mereda, Mahasiswa : Terima Kasih Sudah Lindungi Kami dari Pak Polisi",non-clickbait,0
"Siap-siap Eaaa, Listrik 900 VA Mau Naik eh... Subsidinya Dicabut",clickbait,1
"Anak dan Istrinya Diteror Warganet, Abdul Azis Lapor Polisi",non-clickbait,0
Wiranto : Kebakaran Hutan dan Lahan Selesai Kalau Hujan Datang,non-clickbait,0
Dahlan Iskan Beberkan Cara Agar Petani Penemu Bibit Unggul Tidak Dipenjara,clickbait,1
Kapoldasu : Demo Mahasiswa di Sumut Ditunggangi DPO Teroris,non-clickbait,0
"Ikut Demo, Anak STM Dimarahi Emak, ""Nggak kasih ampun kalau yang begini!""",clickbait,1
"Atas Perintah Jokowi : Rektor dan Dosen yang Mahasiswanya Demo, Akan Kena Sanksi",non-clickbait,0
Siap-siap! Dukun Santet dan Dukun Pelet Bisa Kena Pidana 3 Tahun,clickbait,1
"Presiden dan DPR Setuju, Melawan saat Penggusuran Bakal Dipenjara dan Denda Rp500 Juta",non-clickbait,0
"Pakai Cadar, Pria Cabul Ini Berhasil Pegang-pegang Jamaah Perempuan",clickbait,1
"Horor! Akibat Karhutla, Langit Memerah, Abu Sisa Kebakaran Beterbangan",clickbait,1
"Warning! Mahasiswa Asal Malaysia Meninggal, USU KLB Difteri",clickbait,1
Makin Panas!!! Ribuan Mahasiswa Hampir Kuasai Gedung DPR/MPR,clickbait,1
"Mahasiswa Tolak Undangan Jokowi, ""Kalau Mau, Jumpa Secara Terbuka, Disiarkan Langsung Media!""",clickbait,1
Viral! Curhat Seorang Istri Polisi yang Anaknya Ikut Demo,clickbait,1
"Naik Motor, Ratusan Pelajar di Medan Ikut Demo, Tonton Nih!",clickbait,1
"Jokowi Ingin Jadwal Pelantikan Dimajukan, Surya Paloh : Jangan Coba-coba!",clickbait,1
"Tingkah Pelajar Medan saat Demo, Bawa G-String Hingga Minta Legalkan Ganja",clickbait,1
"Dianggap Rasis, Google Translate Minta Maaf ke Rakyat Aceh",clickbait,1
"5 Ambulance DKI Disebut Bawa Batu dan Bensin, Ini Jawaban Elegan Anies, Postingan Polda Metro Langsung Dihapus",clickbait,1
"Usia 77 Tahun Mulai Menghafal Quran, Usia 80 Tahun Diwisuda Sebagai Hafizah",clickbait,1
Akhyar : Wali Kota Ditangkap Gara-gara Proposal Minta Bantuan Warga,non-clickbait,0
"Kesaksian Korban Penembakan KKB, ""Suamiku Bersimbah Darah di Bawah Meja Kasir""",clickbait,1
"JK : Sound System Masjid kadang Mengganggu, Akan Dibuat Peraturannya",non-clickbait,0
"Survei Terbaru! 41% Responden Menilai Kinerja Jokowi Baik, Sisanya...",clickbait,1
"SEBARKAN! Kecanduan Hape, Ratusan Anak Masuk Rumah Sakit Jiwa!",clickbait,1
"Kapoldasu Ancam Pelajar yang Ikut Demo, Bakal Nggak Bisa jadi PNS atau Karyawan BUMN",non-clickbait,0
"Dua Saudara Tewas Terjepit Truk di Simalungun, Sempat Menelpon Abangnya",non-clickbait,0
"Gubsu Evakuasi Warga Tapanuli Utara di Papua, ""Seluruhnya Sehat dan Tidak Mengalami Kekerasan""",non-clickbait,0
"Sebut Ekonomi Bakal Meroket, Jokowi Hanya Omong Kosong, Ini Buktinya!",clickbait,1
"Porsea Mencekam! Angin Puting Beliung dari Danau Toba Menerjang, Dua Mobil Berantakan",clickbait,1
"Peneliti Internasional Ungkap Sisi Negatif Medsos Bagi Umat Muslim Indonesia, Cocok Banget!",clickbait,1
"Hari Ketiga, Final Gala Catur Emas Penuh Kejutan",clickbait,1
"Anak STM Masih Ditahan Polisi, Emak emak Gelar Aksi, ""Bebaskan Anak Kami!""",clickbait,1
"Istri Nyinyirin Penikaman Wiranto, Pak Dandim Langsung Dicopot dan Ditahan",clickbait,1
"Gawat Bah!! Kopi Gayo Ditolak di Eropa, Karena Mengandung Racun",clickbait,1
"Kalahkan Master Nasional, Sukarnedi Sabet Gelar Gala catur Emas II 2019",non-clickbait,0
Brutal!!! Geng Motor Serang Perumahan Warga Pakai Sajam dan Panah,clickbait,1
Final Gala Catur Emas Diramaikan 3 Master Internasional,non-clickbait,0
"Gaji Guru Honorer Sangat Minim, Mendikbud : Nikmati Saja, Nanti Masuk Surga",clickbait,1
"Atas Desakan Alumni, UGM Batalkan Kuliah Umum UAS",non-clickbait,0
"Moeldoko Ngaku Tak Bisa Tertibkan Buzzer, Denny Siregar Cs Malah Disebut Rugikan Jokowi",clickbait,1
Warning!!! Nunggak BPJS Kesehatan Bakal Nggak Diakui sebagai Warga Negara Indonesia,clickbait,1
"Gelar Aksi Dukung Jokowi, Targetnya Ribuan Massa, yang Datang Hanya Puluhan",clickbait,1
"Begini Sosok Syahril, Warga asal Medan Deli yang Menusuk Wiranto",clickbait,1
"BPJS Defisit Rp32 Triliun! Wamenkeu : Kita Terlalu Dimanja, Sakit Sedikit Langsung ke RS",clickbait,1
Terpilih Jadi Presiden Hanya Modal Populer dan Dukungan Buzzer,clickbait,1
Sergai Heboh! Polisi dan Istrinya Ditemukan Tewas dengan Luka Tembak di Kepala,clickbait,1
MIS Sabet Juara Umum 2 Kejuaraan Sepatu Roda Piala Wali Kota Pariaman,non-clickbait,0
"PNS Jangan Coba-coba Ngelike Status Penyebar Kebencian, Bakal Disanksi Berat!",clickbait,1
"Aktivis Walhi Sumut Meninggal, Kata Pak Polisi Karena Kecelakaan, Tapi...",clickbait,1
Warning dari Polda Sumut : Penjual Minyak Eceran Bisa Dipidana dan Denda Miliaran Rupiah,clickbait,1
Gawat!!! Titik Api di Sumatera dan Kalimantan Makin Banyak,clickbait,1
"Eldin Kena OTT, ASN Kompak Tutup Mulut, Wawalkot : Saya Tak Tahu",non-clickbait,0
"Nusuk Banget! ""Protes mulu, sudah ngapain aja kamu buat negara ini?""",clickbait,1
"Alamakjangggg!! Wali Kota Medan Kena OTT KPK, Barbuknya Rp200 Juta",clickbait,1
"Sukses Bikin Pencitraan Jokowi di Asean Games, Wishnutama Disebut Dapat Jatah Menteri",clickbait,1
"Bupati Lampung Utara Kena OTT, Warga Potong Kambing Gelar Syukuran",non-clickbait,0
Dahlan Iskan Kupas Tuntas Kapasitas Menteri di Kabinet Indonesia Maju,non-clickbait,0
SAH! Ini Daftar Nama Menteri Kabinet Jokowi - Ma'ruf Amin,clickbait,1
"Tak Terima Ditegur Karena Merokok, Alex Tikam Guru 9 Liang",non-clickbait,0
"Disdukcapil Medan Cetak 250 Ribu e-KTP, ""Ngurus e-KTP Langsung aja Kemari, Gratis!""",clickbait,1
"Uwak-uwak Cabul Ini Nekat Bacoki Polisi saat Akan Ditangkap, Dipermaklah!!!",clickbait,1
"Operasi Zebra Serentak Hingga Bulan Depan, Ini 12 Target Pelanggarannya!",clickbait,1
"Dapat Jatah Wamen, Projo Nggak Jadi Bubar dan Malah Puji Prabowo",clickbait,1
"Seratusan Preman Rusak Masjid di Medan, Polisi : Dugaan Sementara Motifnya Pencurian",non-clickbait,0
"PLN Persembahkan Konser Karena Cinta, Judika dan Andmesh Siap Pukau Penonton",non-clickbait,0
"Panas Ekstrem di Indonesia, Emak-emak Ini Sampai Bisa Masak di Atas Aspal",clickbait,1
"R-APBD Kota Medan Disahkan, Tidak Ada Jalan Berlubang dan Banjir Lagi",non-clickbait,0
"Komunikasi dan Listrik Padam, Jayapura Makin Mencekam, Wanita Ikut Jaga Malam",non-clickbait,0
"Catat! Begini Ciri-ciri Razia Polisi yang Resmi, Jangan Sampek Ketipu!",clickbait,1
"MANTAP! Pelajar Tolong Polisi yang Terbakar, Begini Kisah Lengkapnya",clickbait,1
"Potong Honor Pegawai Hingga 25%, Kepala Puskesmas di Labuhanbatu Kena OTT",non-clickbait,0
"Konflik Papua, 182 Tewas, Anak-anak Makan Rumput, Orang Besar Rebutan Jabatan",clickbait,1
"Niatnya Belajar Anti Korupsi, Ternyata Kantin Kejujuran Banyak yang Bangkrut",non-clickbait,0
"Gagal jadi Paskibraka di Daerah, Koko Diundang Kibarkan Bendera di Mapolres Labuhanbatu",clickbait,1
Pemulung Yatim Piatu Ini Ditemukan Meninggal karena Kelaparan,clickbait,1
"Istri Pakai Handuk di Jalan, Ditarik Suami, Warga Dapat Tontonan Gratis...",clickbait,1
"Berhasil Kembangkan Benih Unggul, Kepala Desa Ini Malah Dipenjara",clickbait,1
BRAKKK!! Innova Ngebut Sorong Truk Lagi Berhenti di Belmera,clickbait,1
"Rotasi Bumi Melambat, Gempa Besar Bakal Semakin Sering Terjadi",non-clickbait,0
Gubernur Sumut : Omong Kosong Kita Bisa Membangun Bila Tidak Sehat,clickbait,1
"Dicaci Maki dan Diancam Bunuh, Anies : Biasa Saja, Kita Harus Terus Kerja",clickbait,1
"Bank Mandiri Error,  Saldo Nasabah Berubah Drastis, Ada yang Bertambah Rp95juta!",clickbait,1
"Sering Lihat Istri Tetangga Nyusui Anak, Jomblo Tua Gak Tahan, Kepingin Mimik Cucu Mama Muda Juga",clickbait,1
Siap-siap!! Pengembang Properti Cina Mau Investasi Besar-besaran,clickbait,1
"444 Plat Merah Milik Kabupaten di Sumut Ini Nunggak Pajak, 24 Diantaranya atas Nama Bupati",clickbait,1
"Jalan Tol Kualatanjung - Tebingtinggi - Parapat Dimulai, Insya Allah 2020 Siap",clickbait,1
Keputusan Menteri BUMN Bikin Krakatau Steel Rugi Trilyunan Rupiah,non-clickbait,0
"Nasdem Dukung Anies Jadi Presiden, PDIP Kaget : Kasian Pak Jokowi...",clickbait,1
"Bocah Lagi Ngaji Diseret Paksa Oknum Polisi, Sudah Minta Ampun Tetap Dihajar",clickbait,1
Anda Pernah Kehilangan Motor? Segera Cek Daftar Dari Polsek Medan Labuhan Ini,clickbait,1
"Bikin Uang Mahar Hias, Bisa Dipidana 5 Tahun Bui dan Denda Rp1 Miliar!!",clickbait,1
"Saat Bank Mandiri Error, Ada 2670 Nasabah yang Transfer 'Keuntungan'",clickbait,1
"Setelah 'Ditanami Saham',  Model Seksi asal Indonesia Ini Ditinggal Kabur Pacar",clickbait,1
Mobil Mewah Tabrak dan Lindas Sepmor di Jalan Ahmad Yani Medan,non-clickbait,0
"Menikmati Eksotisnya Sungai Berdinding Batu Raksasa di Tarean, Sergai",non-clickbait,0
"Terkait Pria Ancam Bunuh Anies dan HRS, Polisi : Belum Ada yang Melaporkan",non-clickbait,0
[Lipsus Gabungan] Terlampau Sadis! Begini Perlakuan Polisi Terhadap Anak-anak yang Ditahan Saat Rusuh di Bawaslu,clickbait,1
"Buntut Aksi 21-22 Mei, Anak-anak yang Ditangkap, Dipukuli dari Kepala Hingga Kaki, Disundut Rokok, Direndam di Kolam",clickbait,1
"Sering Posting di Medsos, Istri Diceraikan Suami, ""Postingannya Foto Payudara Nyembul Semua!""",clickbait,1
Dua Penampakan di Google Maps ini Bikin Warganet Ketakutan,clickbait,1
"Berdasarkan Info dari Kementrian, Polda Aceh Sita 11,8 Ton Bibit Padi Munirwan",non-clickbait,0
"Transaksi Narkoba Bawa Keluarga, Ketangkap, Anak Istri Jerit-jerit",clickbait,1
"Kemenag : Pasangan yang Mau Nikah, Harus Dites Narkoba",non-clickbait,0
"50 Polisi Gendut Dipaksa Ikut Program Diet, Lihat Ukuran Perutnya Nih..",clickbait,1
"Beginilah Kondisi Iwan, Pria Gangguan Jiwa Karena Kecanduan Game Hape",clickbait,1
"Komplotan Maling Nangis Kena Dor, Modusnya Bikin Kelen Geleng-geleng Kepala",clickbait,1
"Lagi Pesta Ganja Digrebek Polisi, Pemuda Ini Ngompol di Celana",clickbait,1
BRAKK!! Truk Ngebut Lindas 3 Pengendara Motor di Jalan Gatsu Medan,clickbait,1
"Ini Kriteria Penerima Kartu Prakerja, Apakah Anda Termasuk Salah Satunya?",clickbait,1
"Ketauan Poligami, Suami Lagi Tidur Disiram Air Panas, Tewas!",clickbait,1
"Hotnews!! Diciduk Polisi, Nunung Positif Pakai Narkoba",clickbait,1
Warga Medan Labuhan Tertimpa Pohon di Jalan Imam Bonjol,non-clickbait,0
"Sudah Dikafani, Bangkit Lagi, Ternyata Pura-pura Mati Karena Banyak Utang",clickbait,1
"Gagal Nyuri di Masjid, Dua Maling Motor Tewas di Hajar Massa di Tuasan",clickbait,1
"Suami Barusan Keluar Rumah, Istri Masukkan Selingkuhan, Kemudian... Crottt...",clickbait,1
"Disuruh Kecilkan Volume Musik saat Magrib, Pria Ini Malah Bunuh Tetangganya dengan Tombak",clickbait,1
"54 Pabrik Tutup, 64 Ribu Pengangguran Tercipta, Pemerintah : Karena Upah Terlalu Tinggi",non-clickbait,0
"Ketua Dewan Komisioner OJK : Kalau Semua Pemuda Jadi PNS, Negara Rugi",non-clickbait,0
"Presiden Kunjungi Danau Toba, Samosir Digoyang Gempa",clickbait,1
"Kepling Hingga Camat Cuek, Nenek Renta dan Lumpuh Datangi Disdukcapil Medan, Mau Buat eKTP",non-clickbait,0
"Mahasiswa Ini Ciptakan Alat Ubah Plastik ke BBM, Warganet : Awas Ditangkap Dik...!!",clickbait,1
"5,2 Juta Penerima Bantuan BPJS Dihapus, Iuran BPJS Bakal Dinaikkan",non-clickbait,0
"Truk Angkut Tanah Menimpa Sigra, Hanya 1 Balita yang Selamat",non-clickbait,0
"Awas!!! Kibarkan Bendera Kusut, Koyak dan Luntur Bisa Kena Pidana",clickbait,1
"Rupiah Merosot Lagi, Menko Darwin Terkejut Lalu Bilang : Nanti Juga Balik Lagi...",clickbait,1
"Agus Lagi Nafsu, Lisa Diciumi, Terus Dibuka Nananya, Eh... Rupanya Laki-laki Juga, Padahal Udah Minum Obat Kuat!",clickbait,1
"Sakti Banget Bro!! Saldo Rp 0, Tapi Bisa Transfer Milyaran, Begini Modusnya...",clickbait,1
"Kementan : Penangkapan Petani Aceh Sudah Tepat, Demi Melindungi Petani Juga",non-clickbait,0
"Ibunya Meninggal Ditabrak Mobil, Bocah Ini Tak Bisa Ikut Membantu Menyapu Jalan Lagi...",clickbait,1
Anda Penikmat Kopi Susu? Ini Bahaya yang Mengintai...,clickbait,1
"Gerebek Kampung Narkoba, Kapolsek Masuk Rumah Sakit Setelah Dikeroyok Puluhan Pecandu",clickbait,1
"Jaga Paspor Anda, Kalau Hilang Dendanya Mahal, Ngurusnya Ribet",clickbait,1
"Di Depan Presiden, Khatib Shalat Id Ceramah Tentang Utang dan Mendustakan Agama",non-clickbait,0
"Innalillahi... Asyik Video Call di Pinggir Rel, 2 Emak-emak Disambar KA",clickbait,1
"Izinkan Investor China, Militer Filipina Peringatkan Duterte, ""Banyak pekerja Cina masuk Filipina!""",clickbait,1
"Supermarket Pertama di Medan Diambil Alih Pemko, Setelah Puluhan Tahun Jadi Markas OKP",non-clickbait,0
"Tergiur Foto Cewek di Medsos, Rela Terbang dari Korea, Endingnya Lucu Tapi Tragis",clickbait,1
"Kebakaran di Marelan, Bocah Meninggal Gara-gara Terkunci di Kamar",non-clickbait,0
Intel Kodim 1804 Sorong Tangkap Oknum TNI Penjual Amunisi ke KKSB OPM,non-clickbait,0
"Politisi PSI Kecam Pemuda yang Merazia Buku Berbau Komunis, ""Mereka Melawan Hukum!""",clickbait,1
"""Maaf Bu Guru. Bukannya Saya Nggak Mau Makan, Tapi Tidak Ada Beras Lagi di Rumah""",clickbait,1
"Artis Lebanon : Warga Palestina Seperti Monster,  Mereka Pantas Dibakar",clickbait,1
Warning Buat Warga Medan Utara yang Sering Melintas di Kawasan Ini,clickbait,1
"Begal vs Polisi Adu Tembak di Jalinsum, Mobil Polisi Dibawa Kabur",clickbait,1
"Kepala Ditikam Pisau, Driver Ojol 'Dibuang' di Tempat Sampah, Motor Dilarikan Begal di KIM 2",clickbait,1
"Penjelasan Petinggi PLN Terlalu Panjang, Jokowi Marah dan Langsung Pergi, Padahal...",clickbait,1
Begal Bersajam di Bandar Setia Tewas Setelah Ditunjang Korbannya,non-clickbait,0
Keluarga Mbah Moen Minta HRS Menjadi Imam Sholat dan Doa di Pemakaman,non-clickbait,0
"Pilkada Medan Diisi Tokoh Muda, Dari Menantu Jokowi Hingga Timses Prabowo",non-clickbait,0
"Hiii... Lintah Danau Toba Masuk ke Hidung Turis, Nggak Bisa Ditarik, Akhirnya...",clickbait,1
"Gugatan Gerindra Dikabulkan, MK Perintahkan KPU Hitung Ulang",non-clickbait,0
"Aksi Mahasiswa Papua Melebar ke Medan dan Bandung, ""Papua Bukan Merah Putih... """,clickbait,1
"Gawat! Hampir 50% Surat Utang Negara Dimiliki Asing, Menko Darmin : Kita Bisa Terbanting!!!",clickbait,1
"Kristina Gultom Dibantai Suami Tetangganya, Kronologinya Sadis Kali!!!",clickbait,1
Memek Ditetapkan Sebagai Warisan Budaya Tak Benda Indonesia,clickbait,1
"Mulai Besok Hingga Bulan Depan, Akan Ada Razia Besar-besaran",clickbait,1
DUARRR!! Pengembala dan 19 Kerbau di Tapteng Tewas Seketika,clickbait,1
"Pemeliharaan Jaringan, Ini Daerah di Medan yang Terkena Pemadaman Listrik",clickbait,1
"TRENDING TOPIC!!! Siswa SMKN 7 Medan Minta Keadilan, Polantas Malah Kabur",clickbait,1
Hajab Kali Ah!! Warga Miskin yang Mau Dibedah Rumah pun Dipungli,clickbait,1
"Bajing Loncat di Mabar Makin Meresahkan, ""Kau Laporkan Aja ke Polisi, Gak Takut Aku!""",clickbait,1
"Polisi yang Dipecat Karena Ketahuan Ngojek, Punya 8 Anak dan Terjerat Riba",clickbait,1
"Posting Membantu Siswa Miskin, Guru Honorer Malah Dituntut",clickbait,1
Viral! Pengendara RX King Tersungkur Kena Tendangan Maut Pak Polisi,clickbait,1
"Viral Paskibra Yatim Digantikan Anak Pejabat, Bupati : Anak Saya Luar Biasa...",clickbait,1
"Hari Pertama Operasi Patuh Toba 2019, Sudah Terjaring 1828 Pelanggaran",non-clickbait,0
"Lolos Dari Hukuman Mati, Kekayaan Bandar Narkoba Ini Kalahkan Sandiaga Uno",clickbait,1
"Diserbu dan Dikepung Ribuan KKSB, 1 Anggota TNI Wafat, 5 Polisi Cedera",non-clickbait,0
"Tendang Pengendara Hingga Tersungkur, Dua Personel Polisi Terancam Dipecat",clickbait,1
Kronologi Lengkap Istri Bunuh dan Bakar Suami Beserta Anak Tiri,clickbait,1
Bule Asal Swedia Ini Ngaku Simpan Rp800 Triliun di Bank Mandiri,clickbait,1
"Sah!!! Mulai Bulan Depan Beban Hidup Rakyat Makin Berat, Iuran BPJS Naik 100%",clickbait,1
"Nekat Putar Balik Saat Razia, Siap-siap Dikejar Polisi",clickbait,1
"Jayapura Mencekam! Kantor-kantor Dibakar, Warga Sembunyi di Rumah",clickbait,1
UPDATE NEWS!!! Selatan Jawa Terancam Gempa Dahsyat dan Tsunami 20 Meter,clickbait,1
"Banting Tulang jadi Ojol, Pria Ini Histeris saat Pulang ke Rumah, Kenyataan Pahit yang Bisa Bikin Bunuh Diri!!!",clickbait,1
"MUI Sumut Buka Suara, Bolu Meranti Belum Penuhi Syarat Standar Jaminan Halal",non-clickbait,0
"Pemerasan Modus Tangkapan Narkoba, 4 Oknum Polisi Diamankan",non-clickbait,0
"Skenario Penipuan Makin Canggih, Warga Medan Nyaris Kehilangan Rp24juta",clickbait,1
"Fenomena Payung Awan di Puncak Rinjani setelah Gerhana Bulan, Ini Penjelasan Ilmiahnya...",clickbait,1
"15 Tahun Jadi Guru Honorer, Bu Nining Tinggal di Toilet Sekolah",non-clickbait,0
"Lihat Istri Tetangga Pakai Baju Seksi, Petugas Linmas Jadi Pengen Masuki",clickbait,1
"Perut Ditendang, Emak-emak Brayan Bengkel Dibegal, Warga : Pelakunya Itu Itu Saja!",clickbait,1
"Sempat Semangati Bu Ani Yudhoyono, Kini Pak Sutopo pun Berpulang...",clickbait,1
Gelombang Panas Ekstrem Bikin Lampu Mobil dan Lampu Lalulintas Meleleh,clickbait,1
"Coba-coba jadi PSK, Pelanggan Pertamanya Ternyata Suami Sendiri",clickbait,1
"Bos Pabrik Korek Api Ditangkap di Hotel Bintang 5, Nggak Pernah Urus Izin dan Bayar Pajak",clickbait,1
"Ationg Penganiaya Wartawan Masih Bebas, Lokasi Judinya Aktif di Bulan Puasa",clickbait,1
Jokowi : Prabowo dan Sandi adalah Negarawan Sejati,non-clickbait,0
"Pejabat Kemenpora Minta Fortuner, Gara-gara Pajero Sport-nya Nggak Bisa Kejar Menteri",clickbait,1
"Kapolres : Tembak Debt Collector yang Sita Motor di Jalan, Leasingnya Juga Diproses",clickbait,1
5 Manfaat Mandi Pakai Air Dingin untuk Kesehatan,clickbait,1
Aplikasi Edit Foto Yang Wajib Ada di Smartphone,clickbait,1
"Bos Judi Penganiaya Wartawan Tak Kunjung Ditangkap, Polisi : Masih Sibuk Pilpres Ini",clickbait,1
"Protes Honor Pemilu, Ratusan Polisi Bakar Ban, Ruangan Polres Disegel",non-clickbait,0
"Pulang Kerja, Dengar Suara Desahan Keenakan, Pas Masuk Rumah, Ternyata...",clickbait,1
"Owner Diskotek Ditangkap, Bos Judi Penganiaya Wartawan Masih Bebas",clickbait,1
"Innalillahi.. Pabrik Mancis Binjai Terbakar, Puluhan Jenazah Gosong Menumpuk!",clickbait,1
Ini Dia Pemilik dan Manajer Pabrik Mancis yang Terbakar di Langkat,clickbait,1
"Dugaan Korupsi KPU Rp 12T Dilaporkan ke KPK, Begini Rinciannya!",clickbait,1
"""Anakku Menyusul Ibunya ke Pabrik Usai Sekolah, Kini Mereka Tiada... """,clickbait,1
"Pengakuan Mantan Pekerja Pabrik Korek Api, ""Pintu Selalu Dikunci, Supaya Tak Ada yang Nyuri""",clickbait,1
"Wartawan Jadi Korban Keberingasan Aparat Keamanan,  ""Dipukul dan Dihapus Rekamannya!""",clickbait,1
"Guru Besar USU : Wali Kota Gagal, Medan Jadi Kota Tak Layak Huni",non-clickbait,0
"""Pak Kapolri, Anggota Bapak Nggak Mampu Tangkap Bos Judi Ationg!""",clickbait,1
"Sesama Caleg Golkar di Sumut Saling Sikut, ""Ada Penggelembungan Suara!""",clickbait,1
Teganya... Pabrik Minyak Goreng di Medan Pecat Karyawan Jelang Lebaran,clickbait,1
SURPRISE! Harga Tiket ke Jepang Lebih Murah daripada Jakarta-Pekanbaru,clickbait,1
Intip Keseruan Acara Bukber Perusahaan IT Terbaik di Indonesia,clickbait,1
"Innalillahi... Bu Ani Meninggal Dunia, Semoga Husnul Khotimah...",clickbait,1
"Dihajar Pendekar Silat, Kasat Reskrim Terpaksa Opname Seminggu Lebih",clickbait,1
Merinding! Ini Makna Tulisan Terakhir Ustadz Arifin Ilham,clickbait,1
"Awalnya Menggebu-gebu, Proyek Rel Medan-Aceh Mangkrak",clickbait,1
"Miris! Lama Tak Nampak, Begini Kondisi Terakhir Agung Hercules",clickbait,1
"Kapoldasu Ultimatum Warga Tanjung Mulia, ""Yang Nggak Punya Dokumen, Angkat Kaki Segera!""",clickbait,1
"Distro di Medan Dibobol Maling Berjaket Ojol, Ratusan Kaos Bergambar Kartun Lewong",clickbait,1
"PPDB Online dan Manual Ribet, Emak-emak : Naik Darah Awak Bang!""",clickbait,1
Gubsu Tempel Larangan Terima Parcel di depan Pagar Rumah Dinas,non-clickbait,0
"Tukang Pijat Dibunuh Anak Namorambe, Alasannya Bikin Pembaca Emosi!!!",clickbait,1
BKKBN : LGBT Musuh Utama Pembangunan dan Melanggar Aturan Agama,clickbait,1
"Perwira Polisi Tuduh Brigjend TNI Nyuri HP, Prajurit TNI Langsung Turun!",clickbait,1
"Dua Temuan Mayat Gegerkan Warga Langkat, Kata Pak Polisi Masih Terkait",clickbait,1
"Lebaran ke-2, Langkat Macet Parah! Hingga 21Km",clickbait,1
"Dinding Air Terjun Longsor, 3 Warga Marelan Sedang Berenang Tewas",non-clickbait,0
"Tragedi Kebakaran Pabrik Mancis, Sang Ibu Hangus Sambil Memeluk Dua Anaknya",clickbait,1
"Selama 2019, Indonesia Import Ampas Makanan Senilai Rp16,1 Triliun",non-clickbait,0
"Gara-gara Letakkan Hape di Atas Kulkas, Rumah Hampir Hangus",clickbait,1
"Minum Teh Hangat Bayar Rp1000, Pak Polisi ini Ngamuk, ""Apa Gue Usir Sekarang!""",clickbait,1
Gubernur Kalteng : Tembak di Tempat Pengedar Narkoba!,clickbait,1
"Ditabrak Kereta Api Kualanamu, Cewek Medan Cuma Lecet Sikit",clickbait,1
Perawat Honor dan Staf Bawaslu Kompak Nyabu di Kamar Mayat,clickbait,1
"5 Kali Mau Niduri ABG Cantik, Pria Ini Sudah ""Dor"" Duluan Saat ""Survey"" Lokasi",clickbait,1
"Ngaku Polisi, Ancam Warga Disabilitas Pake Pistol, Emak-emak Gemetar Ketakutan",clickbait,1
Kronologis Anak Penggal Kepala Ayah Hingga Putus di Nias,clickbait,1
Ledakan Tabung Gas Hanguskan Komplek Perumahan TNI 121 Kebun Lada,non-clickbait,0
"Istri tua dan Istri Muda Rebutan Warisan, Suami Pilih Gantung Diri",clickbait,1
Perempuan Bawa Anjing ke Masjid Resmi Tersangka Penodaan Agama,non-clickbait,0
"Pakai Ilmu Hitam, 3 Remaja Berhasil Gasak 30 Motor",clickbait,1
"GAWAT!!! Sangking Tercemarnya, Air Danau Toba Bisa Bikin Anak Autis!",clickbait,1
"Ketauan Mencuri, Dua Pelajar di Sergai Bunuh dan Perkosa Emak-emak",clickbait,1
"Meski Panas dan Banyak Kebakaran Hutan, Aceh Diguyur Hujan Es Sebesar Kelereng",clickbait,1
Dor!!! Pelaku Curanmor Berbadan Besar Nangis Sampai Ngompol,clickbait,1
"PKB Minta 10, Nasdem 11, Belum Lagi Golkar, PPP dan PDIP... Pusing Lah!!! !",clickbait,1
Komplotan Rampok Nyaru Petugas Leasing 'Digonikan' Polres Sergai,clickbait,1
"Ketik ""Monyet Cukur Rambut"" di Google, Muncul Foto Pak Jokowi Lagi Pangkas, Ini Biangnya!",clickbait,1
"Sangking Miskinnya, Nek Amur Hanya Bisa Menjerit Kesakitan saat Lapar Mendera",clickbait,1
"Walhi : 60% Lebih Lahan di Indonesia Sudah Dikuasai Investor, Apa Masih Kurang?",clickbait,1
"Cewek SMA di Simalungun Digenjot 4 Kali di Warung, Udah Hamil Baru Lapor Polisi",clickbait,1
"Si Bodat ini Serahkan Perawan Pacar Buat Teman, Setelah Itu Digilir",clickbait,1
"Nasehat Sinshe Titipapan : Hindari Minum Kopi, Makan Daging dan Pergi Jauh",non-clickbait,0
"Tiga Begal Sadis di Medan Ditangkap, Ini Daftar Sepmor yang Pernah Dicuri",clickbait,1
"Bukan IQ Tinggi, Ternyata Hal Sederhana Ini yang Bisa Bikin Kita Sukses",clickbait,1
"Siap-siap! Jalan Tol Dalam Kota di Medan Segera Dilaunching, Ada 3 Rute",clickbait,1
"Cemburu ke Istri Pertama, Istri Kedua Gantung Diri, Tali Putus, Gagal Mati Deh!",clickbait,1
"Nyamar Jadi Emak Emak Berdaster, Polisi Ini Berhasil Tangkap Begal Sadis",clickbait,1
Aktivis HAM Temukan Fakta Mengerikan dalam Pidato Jokowi,clickbait,1
Aturan Baru Ini Bikin Ijazah SD dan SMP Negeri di Medan Tak Bisa Ditandatangani Kasek,clickbait,1